Betty,Barnes,bbarnes0@example.com,Female
Jeffrey,Gardner,jgardner1@vkontakte.ru,Male
Janice,Fisher,jfisher2@dailymotion.com,Female
Catherine,Holmes,cholmes3@elpais.com,Female
Terry,Elliott,telliott4@themeforest.net,Male
Russell,Freeman,rfreeman5@slashdot.org,Male
Billy,Turner,bturner6@netvibes.com,Male
Keith,Lane,klane7@xinhuanet.com,Male
Debra,Shaw,dshaw8@reddit.com,Female
Tammy,Price,tprice9@oakley.com,Female
Frances,Evans,fevansa@goo.gl,Female
Juan,Woods,jwoodsb@com.com,Male
Martha,Andrews,mandrewsc@telegraph.co.uk,Female
Carl,Kelly,ckellyd@aboutads.info,Male
Frank,Fisher,ffishere@cnn.com,Male
Sara,Carroll,scarrollf@elpais.com,Female
Jeremy,Burke,jburkeg@goodreads.com,Male
Brian,Kennedy,bkennedyh@princeton.edu,Male
Steven,Austin,saustini@timesonline.co.uk,Male
Keith,Jenkins,kjenkinsj@usgs.gov,Male
Shawn,Andrews,sandrewsk@zimbio.com,Male
Brian,Payne,bpaynel@indiatimes.com,Male
Laura,Little,llittlem@wiley.com,Female
Kimberly,Hill,khilln@discovery.com,Female
Ashley,Johnson,ajohnsono@seesaa.net,Female
Helen,Spencer,hspencerp@e-recht24.de,Female
Annie,Kim,akimq@illinois.edu,Female
Pamela,Mason,pmasonr@bluehost.com,Female
Chris,Little,clittles@guardian.co.uk,Male
Anna,Carroll,acarrollt@furl.net,Female
Louis,Washington,lwashingtonu@infoseek.co.jp,Male
Fred,Garcia,fgarciav@mozilla.com,Male
Kelly,Bryant,kbryantw@stumbleupon.com,Female
Nicholas,Hughes,nhughesx@linkedin.com,Male
Tina,Garza,tgarzay@cdc.gov,Female
Emily,Woods,ewoodsz@cyberchimps.com,Female
Michael,Anderson,manderson10@joomla.org,Male
Catherine,Parker,cparker11@theglobeandmail.com,Female
Gloria,Nichols,gnichols12@hao123.com,Female
Beverly,Ward,bward13@mozilla.org,Female
Phyllis,Gilbert,pgilbert14@mit.edu,Female
Joyce,Fowler,jfowler15@geocities.com,Female
Bobby,Jackson,bjackson16@artisteer.com,Male
Dorothy,Willis,dwillis17@epa.gov,Female
Cynthia,Martin,cmartin18@macromedia.com,Female
Marilyn,Mendoza,mmendoza19@sourceforge.net,Female
Kevin,Perry,kperry1a@deliciousdays.com,Male
Victor,Reynolds,vreynolds1b@washingtonpost.com,Male
Theresa,Young,tyoung1c@rakuten.co.jp,Female
Alice,Thomas,athomas1d@a8.net,Female
Linda,Hanson,lhanson1e@themeforest.net,Female
Marilyn,Castillo,mcastillo1f@miibeian.gov.cn,Female
Martin,Reid,mreid1g@google.com,Male
Brian,Wilson,bwilson1h@diigo.com,Male
Todd,Patterson,tpatterson1i@lulu.com,Male
Juan,Burke,jburke1j@ezinearticles.com,Male
Teresa,Daniels,tdaniels1k@e-recht24.de,Female
Ryan,Wright,rwright1l@sourceforge.net,Male
Timothy,Hamilton,thamilton1m@yelp.com,Male
Margaret,Morrison,mmorrison1n@surveymonkey.com,Female
Kelly,Kelly,kkelly1o@topsy.com,Female
Steve,Torres,storres1p@intel.com,Male
Howard,Carr,hcarr1q@skype.com,Male
Anthony,Young,ayoung1r@myspace.com,Male
Gregory,Webb,gwebb1s@ifeng.com,Male
Amy,Stephens,astephens1t@vk.com,Female
David,Medina,dmedina1u@typepad.com,Male
Louis,Reynolds,lreynolds1v@creativecommons.org,Male
Judy,Turner,jturner1w@senate.gov,Female
Barbara,Washington,bwashington1x@thetimes.co.uk,Female
Christopher,Cunningham,ccunningham1y@sun.com,Male
Janice,Cooper,jcooper1z@tiny.cc,Female
Marilyn,Larson,mlarson20@privacy.gov.au,Female
Dorothy,Gomez,dgomez21@netscape.com,Female
Carol,Wilson,cwilson22@yahoo.com,Female
Amanda,Murphy,amurphy23@a8.net,Female
Louis,Vasquez,lvasquez24@time.com,Male
Jason,Sullivan,jsullivan25@yandex.ru,Male
Julia,Hicks,jhicks26@cbslocal.com,Female
James,Carter,jcarter27@marriott.com,Male
Louis,Long,llong28@drupal.org,Male
Todd,Phillips,tphillips29@behance.net,Male
Amanda,Anderson,aanderson2a@cmu.edu,Female
Jeffrey,Elliott,jelliott2b@123-reg.co.uk,Male
Donald,Medina,dmedina2c@businesswire.com,Male
Kevin,Freeman,kfreeman2d@nyu.edu,Male
Pamela,Garrett,pgarrett2e@deviantart.com,Female
Julia,Harrison,jharrison2f@joomla.org,Female
Michelle,Peterson,mpeterson2g@google.com.hk,Female
Ryan,Morgan,rmorgan2h@uol.com.br,Male
Larry,Campbell,lcampbell2i@com.com,Male
Howard,Ward,hward2j@gnu.org,Male
Phyllis,Gomez,pgomez2k@newyorker.com,Female
Virginia,Parker,vparker2l@army.mil,Female
Ernest,Morris,emorris2m@spiegel.de,Male
Ann,Welch,awelch2n@china.com.cn,Female
Ruth,Wagner,rwagner2o@istockphoto.com,Female
Earl,Romero,eromero2p@gnu.org,Male
Lois,Reynolds,lreynolds2q@dyndns.org,Female
Margaret,Rice,mrice2r@sakura.ne.jp,Female
Doris,Price,dprice2s@lycos.com,Female
Ruth,Pierce,rpierce2t@google.co.jp,Female
Chris,Price,cprice2u@example.com,Male
Billy,Bryant,bbryant2v@google.com,Male
Jeffrey,Hernandez,jhernandez2w@census.gov,Male
Timothy,Riley,triley2x@smugmug.com,Male
Katherine,Hudson,khudson2y@ifeng.com,Female
Gregory,Knight,gknight2z@amazonaws.com,Male
Nicholas,Garza,ngarza30@globo.com,Male
Anne,Frazier,afrazier31@guardian.co.uk,Female
Diane,Stewart,dstewart32@sakura.ne.jp,Female
Thomas,Sims,tsims33@slideshare.net,Male
Joshua,Smith,jsmith34@nba.com,Male
Henry,Castillo,hcastillo35@angelfire.com,Male
Ruby,Myers,rmyers36@samsung.com,Female
Rose,Fisher,rfisher37@nba.com,Female
Jacqueline,Gonzales,jgonzales38@list-manage.com,Female
Melissa,Freeman,mfreeman39@opera.com,Female
Linda,Gonzalez,lgonzalez3a@booking.com,Female
Lawrence,Williams,lwilliams3b@yale.edu,Male
Michael,Johnston,mjohnston3c@umich.edu,Male
Anne,Hanson,ahanson3d@reuters.com,Female
Nancy,Lane,nlane3e@abc.net.au,Female
Jennifer,Simpson,jsimpson3f@bravesites.com,Female
Margaret,Gardner,mgardner3g@kickstarter.com,Female
Jonathan,Sullivan,jsullivan3h@ed.gov,Male
Fred,Fox,ffox3i@chron.com,Male
Todd,Vasquez,tvasquez3j@umn.edu,Male
Dorothy,Day,dday3k@unicef.org,Female
Ryan,Romero,rromero3l@si.edu,Male
Sarah,Porter,sporter3m@mail.ru,Female
Wayne,Alexander,walexander3n@jalbum.net,Male
Anthony,Ortiz,aortiz3o@list-manage.com,Male
Bonnie,Grant,bgrant3p@topsy.com,Female
Mildred,Chapman,mchapman3q@mashable.com,Female
Beverly,Alvarez,balvarez3r@walmart.com,Female
Alice,Adams,aadams3s@paginegialle.it,Female
Jeffrey,Gonzalez,jgonzalez3t@vinaora.com,Male
Adam,Ruiz,aruiz3u@un.org,Male
Albert,Diaz,adiaz3v@stumbleupon.com,Male
Irene,Green,igreen3w@tamu.edu,Female
Phyllis,Castillo,pcastillo3x@reverbnation.com,Female
David,Mcdonald,dmcdonald3y@nhs.uk,Male
Catherine,Green,cgreen3z@fema.gov,Female
Brian,Bennett,bbennett40@cornell.edu,Male
Ralph,Young,ryoung41@slate.com,Male
Joseph,Sims,jsims42@reddit.com,Male
Henry,Reed,hreed43@indiatimes.com,Male
Raymond,Johnson,rjohnson44@oaic.gov.au,Male
Rachel,Moore,rmoore45@i2i.jp,Female
Kathy,Woods,kwoods46@chron.com,Female
Christopher,Chapman,cchapman47@mac.com,Male
Mary,Barnes,mbarnes48@domainmarket.com,Female
Steven,Shaw,sshaw49@intel.com,Male
Amy,Holmes,aholmes4a@archive.org,Female
Frances,Montgomery,fmontgomery4b@google.com.hk,Female
Jimmy,Hayes,jhayes4c@nsw.gov.au,Male
Stephen,Hill,shill4d@upenn.edu,Male
Marilyn,Jones,mjones4e@comcast.net,Female
Nancy,Hughes,nhughes4f@salon.com,Female
Diana,Stone,dstone4g@walmart.com,Female
William,Carpenter,wcarpenter4h@altervista.org,Male
Earl,Pierce,epierce4i@youtube.com,Male
Gary,Cunningham,gcunningham4j@businessweek.com,Male
Julia,Mitchell,jmitchell4k@sphinn.com,Female
Timothy,Williamson,twilliamson4l@unesco.org,Male
Russell,Perry,rperry4m@aol.com,Male
Harry,Duncan,hduncan4n@nationalgeographic.com,Male
Mary,Fernandez,mfernandez4o@boston.com,Female
Jerry,Hanson,jhanson4p@jugem.jp,Male
Virginia,Armstrong,varmstrong4q@fda.gov,Female
Victor,Morris,vmorris4r@dmoz.org,Male
Rose,Kim,rkim4s@seesaa.net,Female
Rebecca,Myers,rmyers4t@nyu.edu,Female
Martin,Griffin,mgriffin4u@cisco.com,Male
Frances,Romero,fromero4v@opensource.org,Female
Christina,Oliver,coliver4w@delicious.com,Female
Justin,Armstrong,jarmstrong4x@themeforest.net,Male
Sharon,Lane,slane4y@salon.com,Female
Annie,Ryan,aryan4z@amazon.com,Female
Jessica,Morris,jmorris50@gizmodo.com,Female
Carlos,Turner,cturner51@google.com.br,Male
Louis,Franklin,lfranklin52@smh.com.au,Male
Kathy,Stephens,kstephens53@about.me,Female
Chris,Tucker,ctucker54@google.ca,Male
Karen,Bailey,kbailey55@sciencedaily.com,Female
Jason,Morrison,jmorrison56@guardian.co.uk,Male
Brandon,Watkins,bwatkins57@bravesites.com,Male
Jacqueline,Jenkins,jjenkins58@un.org,Female
Mildred,Austin,maustin59@toplist.cz,Female
Joe,Webb,jwebb5a@phpbb.com,Male
Angela,Simpson,asimpson5b@odnoklassniki.ru,Female
Jimmy,Warren,jwarren5c@miibeian.gov.cn,Male
Shawn,Ramos,sramos5d@xrea.com,Male
Anne,Williamson,awilliamson5e@tripod.com,Female
Anthony,Jackson,ajackson5f@salon.com,Male
Jonathan,George,jgeorge5g@hostgator.com,Male
Joyce,Simpson,jsimpson5h@oaic.gov.au,Female
Rebecca,Scott,rscott5i@mapy.cz,Female
Jason,Butler,jbutler5j@typepad.com,Male
Sarah,Wright,swright5k@rakuten.co.jp,Female
Robert,Garcia,rgarcia5l@bizjournals.com,Male
Phyllis,Warren,pwarren5m@deliciousdays.com,Female
Christine,Reed,creed5n@networkadvertising.org,Female
Joseph,Thompson,jthompson5o@barnesandnoble.com,Male
Todd,Harrison,tharrison5p@omniture.com,Male
Jane,Peterson,jpeterson5q@webeden.co.uk,Female
Amanda,Burke,aburke5r@ebay.com,Female
Lillian,Morales,lmorales5s@csmonitor.com,Female
Janice,James,jjames5t@deviantart.com,Female
Louis,Pierce,lpierce5u@deviantart.com,Male
David,Bennett,dbennett5v@japanpost.jp,Male
Arthur,Cooper,acooper5w@hexun.com,Male
Cheryl,Cooper,ccooper5x@vkontakte.ru,Female
Brandon,Castillo,bcastillo5y@4shared.com,Male
Victor,Coleman,vcoleman5z@blogger.com,Male
Kathy,Gray,kgray60@cnet.com,Female
Alan,Reyes,areyes61@twitter.com,Male
Karen,Cole,kcole62@google.nl,Female
Marilyn,Knight,mknight63@yale.edu,Female
Harold,Wells,hwells64@topsy.com,Male
Carlos,Bowman,cbowman65@unc.edu,Male
Bonnie,Rivera,brivera66@bizjournals.com,Female
Andrew,Edwards,aedwards67@google.com.hk,Male
Kenneth,Robinson,krobinson68@arizona.edu,Male
Alan,Crawford,acrawford69@behance.net,Male
Matthew,Johnson,mjohnson6a@stanford.edu,Male
Anna,Howell,ahowell6b@imdb.com,Female
Sandra,Mason,smason6c@blogtalkradio.com,Female
Diana,Young,dyoung6d@bloglovin.com,Female
Steve,Sullivan,ssullivan6e@telegraph.co.uk,Male
Kathy,Bryant,kbryant6f@netvibes.com,Female
Sarah,Morrison,smorrison6g@livejournal.com,Female
Lois,Ramirez,lramirez6h@gravatar.com,Female
Wanda,Daniels,wdaniels6i@archive.org,Female
Stephen,Price,sprice6j@salon.com,Male
William,Daniels,wdaniels6k@csmonitor.com,Male
Amy,Long,along6l@tinyurl.com,Female
James,Dean,jdean6m@moonfruit.com,Male
Stephanie,Watkins,swatkins6n@google.com,Female
Paula,Hughes,phughes6o@com.com,Female
Alan,Nguyen,anguyen6p@nasa.gov,Male
Sharon,Bell,sbell6q@census.gov,Female
Catherine,Jordan,cjordan6r@tumblr.com,Female
Sean,Jackson,sjackson6s@blogtalkradio.com,Male
Lisa,Ramirez,lramirez6t@icio.us,Female
Samuel,Rivera,srivera6u@jimdo.com,Male
Gary,Ellis,gellis6v@time.com,Male
Brian,Stephens,bstephens6w@drupal.org,Male
Ralph,Armstrong,rarmstrong6x@zdnet.com,Male
Donald,Montgomery,dmontgomery6y@wunderground.com,Male
Howard,King,hking6z@china.com.cn,Male
Gregory,Chapman,gchapman70@upenn.edu,Male
Brenda,Washington,bwashington71@dyndns.org,Female
Frank,Williamson,fwilliamson72@imdb.com,Male
Mark,Black,mblack73@prweb.com,Male
Adam,Wheeler,awheeler74@businessinsider.com,Male
Angela,Washington,awashington75@yellowpages.com,Female
Samuel,Jacobs,sjacobs76@mapquest.com,Male
Sandra,Carpenter,scarpenter77@surveymonkey.com,Female
Christine,Reid,creid78@wufoo.com,Female
Frances,Burke,fburke79@exblog.jp,Female
Mildred,Garcia,mgarcia7a@va.gov,Female
Wanda,Gonzales,wgonzales7b@vkontakte.ru,Female
Eugene,Webb,ewebb7c@purevolume.com,Male
Arthur,Walker,awalker7d@psu.edu,Male
Nancy,Daniels,ndaniels7e@imgur.com,Female
Clarence,Parker,cparker7f@businessweek.com,Male
Patrick,Kennedy,pkennedy7g@netscape.com,Male
Peter,Hall,phall7h@360.cn,Male
Kelly,Fox,kfox7i@diigo.com,Female
Ernest,Bradley,ebradley7j@bbc.co.uk,Male
Christopher,Harvey,charvey7k@bbb.org,Male
Jesse,Gutierrez,jgutierrez7l@technorati.com,Male
Clarence,Dunn,cdunn7m@jugem.jp,Male
Joan,Boyd,jboyd7n@reference.com,Female
Lisa,Simmons,lsimmons7o@pen.io,Female
Pamela,Coleman,pcoleman7p@topsy.com,Female
Robin,Clark,rclark7q@cloudflare.com,Female
Virginia,Warren,vwarren7r@cbslocal.com,Female
Jacqueline,Washington,jwashington7s@twitpic.com,Female
Amanda,Murray,amurray7t@reverbnation.com,Female
Norma,Allen,nallen7u@mapquest.com,Female
Michelle,Marshall,mmarshall7v@hp.com,Female
Brian,Morris,bmorris7w@elpais.com,Male
Christine,Ellis,cellis7x@buzzfeed.com,Female
Susan,Torres,storres7y@linkedin.com,Female
Stephanie,Graham,sgraham7z@sourceforge.net,Female
Jane,Griffin,jgriffin80@nytimes.com,Female
Eric,Mills,emills81@mysql.com,Male
Sean,Black,sblack82@huffingtonpost.com,Male
Ashley,Knight,aknight83@discuz.net,Female
Denise,Robinson,drobinson84@bravesites.com,Female
Frank,Mason,fmason85@google.ca,Male
Michelle,Romero,mromero86@thetimes.co.uk,Female
Robin,Olson,rolson87@indiatimes.com,Female
Jeremy,Hall,jhall88@mysql.com,Male
Sarah,Shaw,sshaw89@comsenz.com,Female
Joseph,Lewis,jlewis8a@guardian.co.uk,Male
Pamela,Ryan,pryan8b@mit.edu,Female
Deborah,Gordon,dgordon8c@ezinearticles.com,Female
Jason,Knight,jknight8d@salon.com,Male
Christopher,Tucker,ctucker8e@sakura.ne.jp,Male
Rose,Marshall,rmarshall8f@feedburner.com,Female
Fred,Mason,fmason8g@creativecommons.org,Male
Albert,Castillo,acastillo8h@businesswire.com,Male
Theresa,Hill,thill8i@reverbnation.com,Female
Robin,Vasquez,rvasquez8j@ca.gov,Female
Julie,Stewart,jstewart8k@imdb.com,Female
Angela,Mcdonald,amcdonald8l@jigsy.com,Female
Doris,Franklin,dfranklin8m@booking.com,Female
Eugene,Hill,ehill8n@imdb.com,Male
Willie,Hernandez,whernandez8o@oracle.com,Male
Christina,Stephens,cstephens8p@shinystat.com,Female
Alice,Walker,awalker8q@tamu.edu,Female
Kimberly,Bryant,kbryant8r@gov.uk,Female
Brenda,Nelson,bnelson8s@slashdot.org,Female
Bonnie,Williamson,bwilliamson8t@dmoz.org,Female
Joseph,Evans,jevans8u@github.io,Male
Patrick,Sanchez,psanchez8v@free.fr,Male
Cynthia,Burke,cburke8w@opensource.org,Female
Maria,Robertson,mrobertson8x@unc.edu,Female
Christopher,Tucker,ctucker8y@japanpost.jp,Male
Antonio,Gonzales,agonzales8z@archive.org,Male
Rose,Simmons,rsimmons90@si.edu,Female
Andrea,Barnes,abarnes91@opensource.org,Female
Patricia,Romero,promero92@toplist.cz,Female
Dennis,Washington,dwashington93@rakuten.co.jp,Male
Mary,Payne,mpayne94@cpanel.net,Female
Shirley,Cruz,scruz95@baidu.com,Female
Ernest,Stephens,estephens96@blog.com,Male
Jose,Snyder,jsnyder97@symantec.com,Male
Jerry,Thompson,jthompson98@diigo.com,Male
Paul,Howard,phoward99@networksolutions.com,Male
Amy,Fox,afox9a@statcounter.com,Female
Joyce,Cruz,jcruz9b@seattletimes.com,Female
Evelyn,Gutierrez,egutierrez9c@yahoo.com,Female
Julia,Alexander,jalexander9d@phpbb.com,Female
Fred,Mitchell,fmitchell9e@twitter.com,Male
Kathleen,Lynch,klynch9f@paypal.com,Female
Andrew,Powell,apowell9g@ezinearticles.com,Male
Janice,Harris,jharris9h@naver.com,Female
Rebecca,Wright,rwright9i@comsenz.com,Female
Russell,Perkins,rperkins9j@photobucket.com,Male
Janet,Palmer,jpalmer9k@twitter.com,Female
Matthew,Bradley,mbradley9l@amazonaws.com,Male
Scott,Greene,sgreene9m@mtv.com,Male
Eugene,Butler,ebutler9n@spiegel.de,Male
Thomas,James,tjames9o@columbia.edu,Male
Judith,Thompson,jthompson9p@opera.com,Female
Elizabeth,Little,elittle9q@fotki.com,Female
Lillian,Kelley,lkelley9r@wp.com,Female
Lisa,Mccoy,lmccoy9s@archive.org,Female
Joe,Ray,jray9t@yahoo.com,Male
Christina,Kelly,ckelly9u@usatoday.com,Female
Gary,Nelson,gnelson9v@va.gov,Male
Michael,Burke,mburke9w@wordpress.org,Male
Julie,Carter,jcarter9x@ed.gov,Female
Ann,Black,ablack9y@wp.com,Female
Janice,Grant,jgrant9z@usnews.com,Female
Ann,Peterson,apetersona0@weather.com,Female
Joan,Lawrence,jlawrencea1@timesonline.co.uk,Female
James,Murphy,jmurphya2@naver.com,Male
Carl,West,cwesta3@ocn.ne.jp,Male
Alan,Fields,afieldsa4@phoca.cz,Male
Eugene,Mcdonald,emcdonalda5@wikimedia.org,Male
Brian,Fisher,bfishera6@i2i.jp,Male
Joshua,Harrison,jharrisona7@hexun.com,Male
Jesse,Hawkins,jhawkinsa8@google.co.uk,Male
Theresa,Lopez,tlopeza9@google.nl,Female
Helen,Sanders,hsandersaa@deviantart.com,Female
Scott,Smith,ssmithab@altervista.org,Male
Irene,Cole,icoleac@over-blog.com,Female
Gary,Fernandez,gfernandezad@edublogs.org,Male
Louise,Sanders,lsandersae@nymag.com,Female
Willie,Cox,wcoxaf@mapquest.com,Male
Peter,Ramos,pramosag@jiathis.com,Male
Willie,Mason,wmasonah@nhs.uk,Male
Jacqueline,Watkins,jwatkinsai@quantcast.com,Female
Joan,Gonzales,jgonzalesaj@jugem.jp,Female
Kenneth,Hall,khallak@umich.edu,Male
Martha,Kelley,mkelleyal@epa.gov,Female
Kathleen,Burton,kburtonam@godaddy.com,Female
Jason,Perry,jperryan@canalblog.com,Male
Evelyn,Hunter,ehunterao@altervista.org,Female
Robert,Peters,rpetersap@cisco.com,Male
Margaret,Richards,mrichardsaq@state.tx.us,Female
Michael,West,mwestar@wufoo.com,Male
Barbara,Adams,badamsas@yahoo.com,Female
Amy,Carter,acarterat@imdb.com,Female
Roger,Rice,rriceau@amazon.co.uk,Male
Ralph,Webb,rwebbav@webnode.com,Male
Susan,Howard,showardaw@wikia.com,Female
Patricia,Gonzalez,pgonzalezax@edublogs.org,Female
Ann,Perez,aperezay@yale.edu,Female
Joan,Phillips,jphillipsaz@moonfruit.com,Female
Angela,Miller,amillerb0@tinypic.com,Female
Michael,Snyder,msnyderb1@ameblo.jp,Male
Janice,Romero,jromerob2@eepurl.com,Female
Melissa,Gardner,mgardnerb3@amazon.de,Female
Julia,Alvarez,jalvarezb4@huffingtonpost.com,Female
Melissa,Perkins,mperkinsb5@nationalgeographic.com,Female
Jacqueline,Carter,jcarterb6@trellian.com,Female
Helen,Burke,hburkeb7@ca.gov,Female
Arthur,Mccoy,amccoyb8@upenn.edu,Male
Gary,Kelley,gkelleyb9@bbb.org,Male
Kathy,Carpenter,kcarpenterba@jugem.jp,Female
Matthew,Stone,mstonebb@ovh.net,Male
Martha,Lewis,mlewisbc@weibo.com,Female
Jacqueline,Graham,jgrahambd@diigo.com,Female
Brandon,Ruiz,bruizbe@blog.com,Male
Fred,Roberts,frobertsbf@a8.net,Male
Debra,Morales,dmoralesbg@list-manage.com,Female
Aaron,Cunningham,acunninghambh@dailymotion.com,Male
Frances,Payne,fpaynebi@earthlink.net,Female
Harry,Murphy,hmurphybj@dagondesign.com,Male
Teresa,Edwards,tedwardsbk@163.com,Female
Alice,Nguyen,anguyenbl@i2i.jp,Female
Keith,Jenkins,kjenkinsbm@theglobeandmail.com,Male
Carl,Dunn,cdunnbn@last.fm,Male
Jack,Adams,jadamsbo@wufoo.com,Male
Lisa,George,lgeorgebp@omniture.com,Female
Anne,Johnson,ajohnsonbq@desdev.cn,Female
Jack,Grant,jgrantbr@usda.gov,Male
Mark,Young,myoungbs@xrea.com,Male
Louis,Matthews,lmatthewsbt@tumblr.com,Male
William,Mason,wmasonbu@loc.gov,Male
Virginia,Little,vlittlebv@nba.com,Female
Alan,George,ageorgebw@google.fr,Male
Cheryl,Fox,cfoxbx@barnesandnoble.com,Female
Pamela,Hughes,phughesby@smugmug.com,Female
Andrea,Andrews,aandrewsbz@archive.org,Female
Kevin,Martin,kmartinc0@walmart.com,Male
Diana,Garza,dgarzac1@gmpg.org,Female
Evelyn,Ryan,eryanc2@google.ru,Female
Brandon,Holmes,bholmesc3@weebly.com,Male
Christopher,Austin,caustinc4@histats.com,Male
Daniel,Lawson,dlawsonc5@behance.net,Male
Michael,Ortiz,mortizc6@reddit.com,Male
Gary,Mcdonald,gmcdonaldc7@netscape.com,Male
Michael,Holmes,mholmesc8@lulu.com,Male
Ann,Mills,amillsc9@mapy.cz,Female
Jerry,James,jjamesca@geocities.jp,Male
Sarah,Gilbert,sgilbertcb@addtoany.com,Female
Kathy,Rivera,kriveracc@walmart.com,Female
Gary,Stone,gstonecd@europa.eu,Male
Nicole,Gonzales,ngonzalesce@kickstarter.com,Female
Harry,Cunningham,hcunninghamcf@wordpress.org,Male
Russell,Kennedy,rkennedycg@netscape.com,Male
Jeremy,Taylor,jtaylorch@yandex.ru,Male
Kathryn,Thompson,kthompsonci@vistaprint.com,Female
Lisa,Torres,ltorrescj@intel.com,Female
Jacqueline,Mccoy,jmccoyck@uol.com.br,Female
Mark,Thomas,mthomascl@sciencedirect.com,Male
Ruth,Sanders,rsanderscm@prlog.org,Female
David,Graham,dgrahamcn@clickbank.net,Male
Deborah,Ward,dwardco@bandcamp.com,Female
Jose,Montgomery,jmontgomerycp@instagram.com,Male
Rose,Robinson,rrobinsoncq@scribd.com,Female
Cheryl,Sims,csimscr@51.la,Female
Louise,Duncan,lduncancs@google.com.hk,Female
Keith,Johnston,kjohnstonct@artisteer.com,Male
Nicholas,Rodriguez,nrodriguezcu@domainmarket.com,Male
Annie,Simpson,asimpsoncv@naver.com,Female
Kimberly,Perez,kperezcw@webs.com,Female
Benjamin,Dean,bdeancx@aboutads.info,Male
Russell,Ferguson,rfergusoncy@pinterest.com,Male
Rachel,Perry,rperrycz@china.com.cn,Female
Brandon,Hicks,bhicksd0@chicagotribune.com,Male
Michelle,Greene,mgreened1@yale.edu,Female
Kathryn,Perkins,kperkinsd2@list-manage.com,Female
Nancy,Garcia,ngarciad3@ocn.ne.jp,Female
Dorothy,Carpenter,dcarpenterd4@fastcompany.com,Female
Matthew,Hunter,mhunterd5@blogtalkradio.com,Male
Sandra,Stephens,sstephensd6@mapquest.com,Female
Martin,Lynch,mlynchd7@fc2.com,Male
Martha,Lewis,mlewisd8@jiathis.com,Female
Roger,Williams,rwilliamsd9@soup.io,Male
Sean,Tucker,stuckerda@deliciousdays.com,Male
Denise,Burns,dburnsdb@addthis.com,Female
Bobby,Garcia,bgarciadc@github.com,Male
Joshua,Martin,jmartindd@simplemachines.org,Male
Wanda,Bishop,wbishopde@kickstarter.com,Female
Daniel,Thompson,dthompsondf@liveinternet.ru,Male
Peter,Gray,pgraydg@clickbank.net,Male
Kenneth,Campbell,kcampbelldh@yelp.com,Male
Howard,Austin,haustindi@tuttocitta.it,Male
Jennifer,Spencer,jspencerdj@meetup.com,Female
Andrea,Long,alongdk@amazonaws.com,Female
Justin,Crawford,jcrawforddl@scribd.com,Male
Laura,Ward,lwarddm@statcounter.com,Female
Chris,Alvarez,calvarezdn@blogspot.com,Male
Carl,Murphy,cmurphydo@people.com.cn,Male
David,Williams,dwilliamsdp@mapy.cz,Male
Jose,Ferguson,jfergusondq@simplemachines.org,Male
Rebecca,Chapman,rchapmandr@foxnews.com,Female
Edward,Wright,ewrightds@vk.com,Male
Mildred,Lawson,mlawsondt@123-reg.co.uk,Female
Earl,Willis,ewillisdu@eepurl.com,Male
Todd,Green,tgreendv@vistaprint.com,Male